verb,count,ratio
first_contact,6419,0.3834757153951849
decontact,4291,0.25634745205806797
contact,2703,0.16147918035724954
take,1765,0.10544238007049406
release,1561,0.09325527211900353
