task_name,seq_len,model,optim_name,hidden_size,dropout,lr,weight_decay,best_epoch,val_accuracy,val_macro_f1,val_balanced_accuracy,test_accuracy,test_macro_f1,test_balanced_accuracy
current_pair_seq4,4,BiLSTM,adam,128,0.3,0.0005,0.0001,18,0.881578947368421,0.82194248681673,0.8348965175150519,0.889261744966443,0.7530931097953742,0.7630619339321282
current_pair_seq4,4,BiLSTM,adamw,128,0.3,0.0005,0.0001,14,0.868421052631579,0.8088002034811007,0.8164083880678709,0.889261744966443,0.7060592572574215,0.7241627101941281
current_pair_seq4,4,LSTM,adamw,256,0.3,0.0005,0.0001,20,0.8473684210526315,0.7962087117435165,0.8138592125068418,0.9026845637583892,0.7650016656907224,0.7823708770215592
current_pair_seq4,4,LSTM,adam,256,0.3,0.0005,0.0001,11,0.868421052631579,0.7962001239390283,0.8091283524904215,0.9026845637583892,0.7385396814261384,0.7421166397334235
current_pair_seq4,4,GRU,adamw,256,0.3,0.001,0.0001,14,0.8526315789473684,0.7814841506243476,0.7884688013136288,0.9060402684563759,0.812076578330077,0.8519651245819083
current_pair_seq4,4,GRU,adam,256,0.3,0.001,0.0001,7,0.8473684210526315,0.7801490027341339,0.7885864805692392,0.8959731543624161,0.7836685500014468,0.7998628701233083
