task_name,seq_len,model,optim_name,hidden_size,dropout,lr,weight_decay,best_epoch,val_accuracy,val_macro_f1,val_balanced_accuracy,test_accuracy,test_macro_f1,test_balanced_accuracy,future_offset
future_pair_seq4_offset1,4,GRU,adamw,256,0.3,0.001,0.0001,11,0.7226666666666667,0.5859478527128886,0.5887502755731923,0.7303754266211604,0.4756240345928622,0.4856804923981443,1
future_pair_seq4_offset1,4,GRU,adam,256,0.3,0.001,0.0001,11,0.744,0.5689121987057639,0.5816834766313933,0.7406143344709898,0.5187026522430249,0.5498590851525949,1
future_pair_seq4_offset1,4,BiLSTM,adamw,128,0.3,0.0005,0.0001,14,0.7066666666666667,0.5529821916974876,0.5736877204585538,0.7133105802047781,0.4645236560130177,0.4923554925621896,1
future_pair_seq4_offset1,4,BiLSTM,adam,128,0.3,0.0005,0.0001,8,0.7066666666666667,0.5489852013412834,0.576948578042328,0.726962457337884,0.4501893770367666,0.49102180489117236,1
future_pair_seq4_offset1,4,LSTM,adam,256,0.3,0.0005,0.0001,13,0.6826666666666666,0.5460726210169565,0.5709851741622575,0.6996587030716723,0.4901395581106927,0.5268451806794098,1
future_pair_seq4_offset1,4,LSTM,adamw,256,0.3,0.0005,0.0001,13,0.6853333333333333,0.5396980270347841,0.5623280423280423,0.7098976109215017,0.5202552938018054,0.5704385585018078,1
